trait,Chr,Position,LOD,CI_left,CI_right,C_mean,C_sem,P_mean,P_sem
TW,4,83387573,4.200102992271184,23.839,47.839,107.32203389830508,4.5436026842590085,83.27380952380952,3.120286517144734
TW,18,78293669,3.9419347816076424,35.668,49.668,104.77464788732394,3.4403919330736703,81.77777777777777,3.9765658534450186
TW,X,137013310,3.276887346547767,45.399,60.399,82.11764705882354,3.0220530825850296,103.24,4.2669414325942165
SC,4,105294443,3.628896559712672,24.839,56.839,10.680996752307697,1.7963784588667682,3.803044088076922,0.794048850461247
SC,18,78747720,4.389972393135025,40.668,51.668,9.554398173561648,1.4074544294313691,4.19187373,1.2418636266787921
ASY,3,134478458,3.2152865111261377,52.758,64.097,30.315625,3.01030859718774,44.96666666666667,2.5501554715924533
Infertility (cat.),17,26935245,3.360724559160893,9.876,15.876,0,0,0.3795620437956204,0.041612241791939335
Infertility (cat.),18,78671259,7.906011059780489,41.169,51.416,0.1267605633802817,0.039765800624548736,0.5972222222222222,0.05820650942569535
