trait,chr1,chr2,pos1f,pos2f,lod.full,pval,lod.fv1,pval,lod.int,pval,pos1a,pos2a,lod.add,pval,lod.av1,pval
TW,4,18,64802769,77332903,9.728959294479239,9.99000999000999e-4,5.528856302208055,0.03896103896103896,1.114488708484771,1,28.839,42.668,8.614470585994468,9.99000999000999e-4,4.414367593723284,0.005994005994005994
TW,4,X,64802769,138129258,8.282004109086188,0.008991008991008992,4.081901116815004,0.4155844155844156,0.15769578774740012,1,28.839,54.399,8.124308321338788,0.001998001998001998,3.924205329067604,0.017982017982017984
SC,4,18,84824584,78747720,8.58118281721238,9.99000999000999e-4,4.1912104240773544,0.2827172827172827,0.32174988533606097,1,34.839,43.668,8.259432931876319,0,3.8694605387412935,0.001998001998001998
SC,4,X,105294443,138129258,7.220208562462318,0.01998001998001998,3.591312002749646,0.6743256743256744,0.38819045807241537,1,43.839,55.399,6.832018104389903,0.003996003996003996,3.2031215446772308,0.017982017982017984
SC,10,10,76545768,96929030,7.674380458685732,0.005994005994005994,5.891269227032723,0.011988011988011988,4.846517966090715,0.03796203796203796,36.123,38.123,2.827862492595017,0.8611388611388612,1.0447512609420073,1
ASY,3,18,133356040,78747720,7.09997270586895,0.012987012987012988,3.8847128842596987,0.4925074925074925,0.063289973907942,1,56.837,42.668,7.036682731961008,0.001998001998001998,3.8214229103517567,0.025974025974025976
ASY,18,X,80357856,74834259,7.226552205693444,0.01098901098901099,4.13739636756295,0.3336663336663337,0.16991511079067578,1,44.668,34.399,7.056637094902769,0.001998001998001998,3.967481256772274,0.014985014985014986
